{
  "images" : [
    {
      "filename" : "ortho.png",
      "idiom" : "universal",
      "platform" : "ios",
      "size" : "1024x1024"
    },
    {
      "filename" : "ortho 10.png",
      "idiom" : "mac",
      "scale" : "1x",
      "size" : "16x16"
    },
    {
      "filename" : "ortho 9.png",
      "idiom" : "mac",
      "scale" : "2x",
      "size" : "16x16"
    },
    {
      "filename" : "ortho 8.png",
      "idiom" : "mac",
      "scale" : "1x",
      "size" : "32x32"
    },
    {
      "filename" : "ortho 7.png",
      "idiom" : "mac",
      "scale" : "2x",
      "size" : "32x32"
    },
    {
      "filename" : "ortho 6.png",
      "idiom" : "mac",
      "scale" : "1x",
      "size" : "128x128"
    },
    {
      "filename" : "ortho 5.png",
      "idiom" : "mac",
      "scale" : "2x",
      "size" : "128x128"
    },
    {
      "filename" : "ortho 2.png",
      "idiom" : "mac",
      "scale" : "1x",
      "size" : "256x256"
    },
    {
      "filename" : "ortho 1.png",
      "idiom" : "mac",
      "scale" : "2x",
      "size" : "256x256"
    },
    {
      "filename" : "ortho 3.png",
      "idiom" : "mac",
      "scale" : "1x",
      "size" : "512x512"
    },
    {
      "filename" : "ortho 4.png",
      "idiom" : "mac",
      "scale" : "2x",
      "size" : "512x512"
    }
  ],
  "info" : {
    "author" : "xcode",
    "version" : 1
  }
}
